<?xml version="1.0" encoding="UTF-8"?>
<project-private xmlns="http://www.netbeans.org/ns/project-private/1">
    <editor-bookmarks xmlns="http://www.netbeans.org/ns/editor-bookmarks/2" lastBookmarkId="0"/>
    <open-files xmlns="http://www.netbeans.org/ns/projectui-open-files/2">
        <group>
            <file>file:/C:/mkg/NBProjs/InnerClassDemo/src/com/test/model/FunctionalDemo.java</file>
            <file>file:/C:/mkg/NBProjs/InnerClassDemo/src/com/test/model/Greeting.java</file>
            <file>file:/C:/mkg/NBProjs/InnerClassDemo/src/com/test/model/EmployeeOuter.java</file>
            <file>file:/C:/mkg/NBProjs/InnerClassDemo/src/com/test/model/Tester.java</file>
            <file>file:/C:/mkg/NBProjs/InnerClassDemo/src/com/test/model/AnnonymousDemo.java</file>
            <file>file:/C:/mkg/NBProjs/InnerClassDemo/src/com/test/model/StudentMarks.java</file>
        </group>
    </open-files>
</project-private>
