<?xml version="1.0" encoding="UTF-8"?>
<project-private xmlns="http://www.netbeans.org/ns/project-private/1">
    <editor-bookmarks xmlns="http://www.netbeans.org/ns/editor-bookmarks/2" lastBookmarkId="0"/>
    <open-files xmlns="http://www.netbeans.org/ns/projectui-open-files/2">
        <group>
            <file>file:/C:/mkg/NBProjs/MultiThrdingDemo/src/com/test/threads/Racer.java</file>
            <file>file:/C:/mkg/NBProjs/MultiThrdingDemo/src/com/test/threads/TesterApp2.java</file>
            <file>file:/C:/mkg/NBProjs/MultiThrdingDemo/src/com/test/threads/Counter.java</file>
            <file>file:/C:/mkg/NBProjs/MultiThrdingDemo/src/com/test/threads/PrintingTable.java</file>
            <file>file:/C:/mkg/NBProjs/MultiThrdingDemo/src/com/test/threads/TesterApp.java</file>
        </group>
    </open-files>
</project-private>
