<?xml version="1.0" encoding="UTF-8"?>
<project-private xmlns="http://www.netbeans.org/ns/project-private/1">
    <editor-bookmarks xmlns="http://www.netbeans.org/ns/editor-bookmarks/2" lastBookmarkId="0"/>
    <open-files xmlns="http://www.netbeans.org/ns/projectui-open-files/2">
        <group>
            <file>file:/C:/mkg/NBProjs/InterThreadCommunicationDemo/src/com/test/threads/Sender.java</file>
            <file>file:/C:/mkg/NBProjs/InterThreadCommunicationDemo/src/com/test/threads/Receiver.java</file>
            <file>file:/C:/mkg/NBProjs/InterThreadCommunicationDemo/src/com/test/threads/Tester3.java</file>
            <file>file:/C:/mkg/NBProjs/InterThreadCommunicationDemo/src/com/test/threads/Data.java</file>
        </group>
    </open-files>
</project-private>
